species_number|common_name|latin_name|kingdom|phylum_division|subphylum_div|superclass|class|tax_order|family|genus|species|subspecies|variety|ecotox_group|ncbi_taxid
31|Green Algae|Chlorella ovalis|Plantae|Chlorophyta|||Chlorophyceae|Chlorococcales|Oocystaceae|Chlorella|ovalis|||Algae|3071
47|Green Algae|Scenedesmus sp.|Plantae|Chlorophyta|||Chlorophyceae|Chlorococcales|Scenedesmaceae|Scenedesmus|sp.|||Algae|3087
147|Green Algae|Spirogyra crassa|Plantae|Chlorophyta|||Chlorophyceae|Zygnematales|Zygnemataceae|Spirogyra|crassa|||Algae|
298|Green Algae|Dunaliella tertiolecta|Plantae|Chlorophyta|||Chlorophyceae|Volvocales|Dunaliellaceae|Dunaliella|tertiolecta|||Standard Test SpeciesAlgae|3047
300|Green Algae|Chlorococcum sp.|Plantae|Chlorophyta|||Chlorophyceae|Chlorococcales|Chlorococcaceae|Chlorococcum|sp.|||Algae|44649
311|Green Algae|Chlorella sp.|Plantae|Chlorophyta|||Chlorophyceae|Chlorococcales|Oocystaceae|Chlorella|sp.|||Algae|3079
312|Green Algae|Neochloris sp.|Plantae|Chlorophyta|||Chlorophyceae|Chlorococcales|Chlorococcaceae|Neochloris|sp.|||Algae|
318|Green Algae|Chlamydomonas reinhardtii|Plantae|Chlorophyta|||Chlorophyceae|Volvocales|Chlamydomonadaceae|Chlamydomonas|reinhardtii|||Standard Test SpeciesAlgae|3055
327|Green Algae|Stichococcus bacillaris|Plantae|Chlorophyta|||Chlorophyceae|Prasiolales|Prasiolaceae|Stichococcus|bacillaris|||Algae|37433
354|Green Algae|Tetraedron sp.|Plantae|Chlorophyta|||Chlorophyceae|Chlorococcales|Chlorococcaceae|Tetraedron|sp.|||Algae|302392
370|Green Algae|Chlamydomonas globosa|Plantae|Chlorophyta|||Chlorophyceae|Volvocales|Chlamydomonadaceae|Chlamydomonas|globosa|||Algae|51694
412|Green Algae|Oedogonium cardiacum|Plantae|Chlorophyta|||Chlorophyceae|Oedogoniales|Oedogoniaceae|Oedogonium|cardiacum|||Algae|55995
426|Green Algae|Chlorella pyrenoidosa|Plantae|Chlorophyta|||Chlorophyceae|Chlorococcales|Oocystaceae|Chlorella|pyrenoidosa|||Algae|3078
434|Green Algae|Dictyosphaerium sp.|Plantae|Chlorophyta|||Chlorophyceae|Chlorococcales|Dictyosphaeriaceae|Dictyosphaerium|sp.|||Algae|
453|Green Algae|Gonium pectorale|Plantae|Chlorophyta|||Chlorophyceae|Volvocales|Volvocaceae|Gonium|pectorale|||Algae|33097
454|Green Algae|Eudorina elegans|Plantae|Chlorophyta|||Chlorophyceae|Volvocales|Volvocaceae|Eudorina|elegans|||Algae|47282
464|Green Algae|Dunaliella sp.|Plantae|Chlorophyta|||Chlorophyceae|Volvocales|Dunaliellaceae|Dunaliella|sp.|||Algae|3044
470|Green Algae|Chlorella autotrophica|Plantae|Chlorophyta|||Chlorophyceae|Chlorococcales|Oocystaceae|Chlorella|autotrophica|||Algae|
472|Green Algae|Dunaliella primolecta|Plantae|Chlorophyta|||Chlorophyceae|Volvocales|Dunaliellaceae|Dunaliella|primolecta|||Algae|257627
479|Green Algae|Chlorella vulgaris|Plantae|Chlorophyta|||Chlorophyceae|Chlorococcales|Oocystaceae|Chlorella|vulgaris|||Standard Test SpeciesAlgae|3077
487|Green Algae|Scenedesmus quadricauda|Plantae|Chlorophyta|||Chlorophyceae|Chlorococcales|Scenedesmaceae|Scenedesmus|quadricauda|||Standard Test SpeciesAlgae|3089
497|Green Algae|Ankistrodesmus falcatus|Plantae|Chlorophyta|||Chlorophyceae|Chlorococcales|Oocystaceae|Ankistrodesmus|falcatus|||Algae|52960
509|Green Algae|Cladophora sp.|Plantae|Chlorophyta|||Ulvophyceae|Cladophorales|Cladophoraceae|Cladophora|sp.|||Algae|34125
547|Green Algae|Cosmarium botrytis|Plantae|Charophyta|||Conjugatophyceae|Desmidiales|Desmidiaceae|Cosmarium|botrytis|||Algae|33101
553|Green Algae|Pleodorina californica|Plantae|Chlorophyta|||Chlorophyceae|Volvocales|Volvocaceae|Pleodorina|californica|||Algae|47285
554|Green Algae|Pediastrum biradiatum|Plantae|Chlorophyta|||Chlorophyceae|Chlorococcales|Hydrodictyaceae|Pediastrum|biradiatum|||Algae|160063
555|Green Algae|Chlorella ellipsoidea|Plantae|Chlorophyta|||Chlorophyceae|Chlorococcales|Oocystaceae|Chlorella|ellipsoidea|||Algae|
556|Green Algae|Scenedesmus obtusiusculus|Plantae|Chlorophyta|||Chlorophyceae|Chlorococcales|Scenedesmaceae|Scenedesmus|obtusiusculus|||Algae|
557|Green Algae|Ankistrodesmus sp.|Plantae|Chlorophyta|||Chlorophyceae|Chlorococcales|Oocystaceae|Ankistrodesmus|sp.|||Algae|3108
584|Green Algae|Chlorella sorokiniana|Plantae|Chlorophyta|||Chlorophyceae|Chlorococcales|Oocystaceae|Chlorella|sorokiniana|||Algae|3076
638|Green Algae|Chlorella salina|Plantae|Chlorophyta|||Chlorophyceae|Chlorococcales|Oocystaceae|Chlorella|salina|||Algae|289237
699|Green Algae|Stigeoclonium pachydermum|Plantae|Chlorophyta|||Chlorophyceae|Chaetophorales|Chaetophoraceae|Stigeoclonium|pachydermum|||Algae|
790|Green Algae|Acrosiphonia centralis|Plantae|Chlorophyta|||Chlorophyceae|Acrosiphoniales|Acrosiphoniaceae|Acrosiphonia|centralis|||Algae|
815|Green Algae|Caulerpa sp.|Plantae|Chlorophyta|||Chlorophyceae|Caulerpales|Caulerpaceae|Caulerpa|sp.|||Algae|76312
816|Green Algae|Halimeda sp.|Plantae|Chlorophyta|||Chlorophyceae|Caulerpales|Codiaceae|Halimeda|sp.|||Algae|
914|Green Algae|Prototheca zopfii|Plantae|Chlorophyta|||Chlorophyceae|Chlorococcales|Oocystaceae|Prototheca|zopfii|||Algae|3112
946|Green Algae|Ankistrodesmus braunii|Plantae|Chlorophyta|||Chlorophyceae|Chlorococcales|Oocystaceae|Ankistrodesmus|braunii|||Algae|233119
962|Green Algae|Chlorella fusca|Plantae|Chlorophyta|||Chlorophyceae|Chlorococcales|Oocystaceae|Chlorella|fusca|||Algae|
980|Green Algae|Chlamydomonas nivalis|Plantae|Chlorophyta|||Chlorophyceae|Volvocales|Chlamydomonadaceae|Chlamydomonas|nivalis|||Algae|47906
981|Green Algae|Scenedesmus acuminatus|Plantae|Chlorophyta|||Chlorophyceae|Chlorococcales|Scenedesmaceae|Scenedesmus|acuminatus|||Algae|91191
1000|Green Algae|Chlamydomonas sp.|Plantae|Chlorophyta|||Chlorophyceae|Volvocales|Chlamydomonadaceae|Chlamydomonas|sp.|||Algae|3052
1047|Green Algae|Chlorella emersonii|Plantae|Chlorophyta|||Chlorophyceae|Chlorococcales|Oocystaceae|Chlorella|emersonii|||Algae|95581
1105|Green Algae|Enteromorpha compressa|Plantae|Chlorophyta|||Chlorophyceae|Ulotrichales|Ulvaceae|Enteromorpha|compressa|||Algae|63659
1106|Green Algae|Enteromorpha intestinalis|Plantae|Chlorophyta|||Chlorophyceae|Ulotrichales|Ulvaceae|Enteromorpha|intestinalis|||Algae|3116
1107|Green Algae|Ulva lactuca|Plantae|Chlorophyta|||Chlorophyceae|Ulotrichales|Ulvaceae|Ulva|lactuca|||Algae|63410
1181|Green Algae|Ankistrodesmus spiralis|Plantae|Chlorophyta|||Chlorophyceae|Chlorococcales|Oocystaceae|Ankistrodesmus|spiralis|||Algae|1732389
1190|Green Algae|Scenedesmus opoliensis|Plantae|Chlorophyta|||Chlorophyceae|Chlorococcales|Scenedesmaceae|Scenedesmus|opoliensis|||Algae|119579
1255|Green Algae|Chlorococcum hypnosporum|Plantae|Chlorophyta|||Chlorophyceae|Chlorococcales|Chlorococcaceae|Chlorococcum|hypnosporum|||Algae|44650
1301|Green Algae|Ulva sp.|Plantae|Chlorophyta|||Chlorophyceae|Ulotrichales|Ulvaceae|Ulva|sp.|||Algae|3118
1320|Green Algae|Ankistrodesmus falcatus var. acicularis|Plantae|Chlorophyta|||Chlorophyceae|Chlorococcales|Oocystaceae|Ankistrodesmus|falcatus|var. acicularis||Algae|
1339|Green Algae|Scenedesmus abundans|Plantae|Chlorophyta|||Chlorophyceae|Chlorococcales|Scenedesmaceae|Scenedesmus|abundans|||Algae|77547
1345|Green Algae|Enteromorpha sp.|Plantae|Chlorophyta|||Chlorophyceae|Ulotrichales|Ulvaceae|Enteromorpha|sp.|||Algae|3118
1351|Green Algae|Cladophora glomerata|Plantae|Chlorophyta|||Ulvophyceae|Cladophorales|Cladophoraceae|Cladophora|glomerata|||Algae|162068
1398|Green Algae|Scenedesmus longus|Plantae|Chlorophyta|||Chlorophyceae|Chlorococcales|Scenedesmaceae|Scenedesmus|longus|||Algae|119578
1472|Green Algae|Chlamydomonas eugametos|Plantae|Chlorophyta|||Chlorophyceae|Volvocales|Chlamydomonadaceae|Chlamydomonas|eugametos|||Algae|3054
1477|Green Algae|Chlamydomonas variabilis|Plantae|Chlorophyta|||Chlorophyceae|Volvocales|Chlamydomonadaceae|Chlamydomonas|variabilis|||Algae|
1478|Green Algae|Chlamydomonas moewusii|Plantae|Chlorophyta|||Chlorophyceae|Volvocales|Chlamydomonadaceae|Chlamydomonas|moewusii|||Algae|3054
1480|Green Algae|Scenedesmus bijugatus|Plantae|Chlorophyta|||Chlorophyceae|Chlorococcales|Scenedesmaceae|Scenedesmus|bijugatus|||Algae|1871349
1481|Green Algae|Scenedesmus basiliensis|Plantae|Chlorophyta|||Chlorophyceae|Chlorococcales|Scenedesmaceae|Scenedesmus|basiliensis|||Algae|119572
1489|Green Algae|Bryopsis plumosa|Plantae|Chlorophyta|||Chlorophyceae|Bryopsidales|Bryopsidaceae|Bryopsis|plumosa|||Algae|3130
1503|Green Algae|Spirogyra sp.|Plantae|Chlorophyta|||Chlorophyceae|Zygnematales|Zygnemataceae|Spirogyra|sp.|||Algae|3179
1554|Green Algae|Pithophora oedogonia|Plantae|Chlorophyta|||Ulvophyceae|Cladophorales|Cladophoraceae|Pithophora|oedogonia|||Algae|
1555|Green Algae|Hydrodictyon reticulatum|Plantae|Chlorophyta|||Chlorophyceae|Chlorococcales|Hydrodictyaceae|Hydrodictyon|reticulatum|||Algae|3107
1583|Green Algae|Dunaliella bioculata|Plantae|Chlorophyta|||Chlorophyceae|Volvocales|Dunaliellaceae|Dunaliella|bioculata|||Algae|13790
1590|Green Algae|Chlorella variegata|Plantae|Chlorophyta|||Chlorophyceae|Chlorococcales|Oocystaceae|Chlorella|variegata|||Algae|
1594|Green Algae|Rhizoclonium hieroglyphicum|Plantae|Chlorophyta|||Ulvophyceae|Cladophorales|Cladophoraceae|Rhizoclonium|hieroglyphicum|||Algae|162074
1599|Green Algae|Kirchneriella sp.|Plantae|Chlorophyta|||Chlorophyceae|Chlorococcales|Oocystaceae|Kirchneriella|sp.|||Algae|55412
1636|Green Algae|Ulva rigida|Plantae|Chlorophyta|||Chlorophyceae|Ulotrichales|Ulvaceae|Ulva|rigida|||Algae|75689
1699|Green Algae|Stigeoclonium sp.|Plantae|Chlorophyta|||Chlorophyceae|Chaetophorales|Chaetophoraceae|Stigeoclonium|sp.|||Algae|55998
1723|Green Algae|Chlorobotrys regularis|Plantae|Xanthophyta|||Xanthophyceae|Mischococcales|Gloeobotrydaceae|Chlorobotrys|regularis|||Algae|1431835
1724|Green Algae|Chlorococcum humicola|Plantae|Chlorophyta|||Chlorophyceae|Chlorococcales|Chlorococcaceae|Chlorococcum|humicola|||Algae|992351
1725|Green Algae|Coccomyxa simplex|Plantae|Chlorophyta|||Chlorophyceae|Chlorococcales|Coccomyxaceae|Coccomyxa|simplex|||Algae|
1726|Green Algae|Coelastrum proboscideum|Plantae|Chlorophyta|||Chlorophyceae|Chlorococcales|Scenedesmaceae|Coelastrum|proboscideum|||Algae|795112
1727|Green Algae|Gloeocystis grevillei|Plantae|Chlorophyta|||Chlorophyceae|Chlorococcales|Coccomyxaceae|Gloeocystis|grevillei|||Algae|
1728|Green Algae|Mesotaenium caldariorum|Plantae|Chlorophyta|||Chlorophyceae|Zygnematales|Mesotaeniaceae|Mesotaenium|caldariorum|||Algae|31321
1729|Green Algae|Oocystis lacustris|Plantae|Chlorophyta|||Chlorophyceae|Chlorococcales|Oocystaceae|Oocystis|lacustris|||Algae|402398
1730|Green Algae|Oocystis marssonii|Plantae|Chlorophyta|||Chlorophyceae|Chlorococcales|Oocystaceae|Oocystis|marssonii|||Algae|120748
1731|Green Algae|Haematococcus lacustris|Plantae|Chlorophyta|||Chlorophyceae|Volvocales|Haematococcaceae|Haematococcus|lacustris|||Algae|44745
1733|Green Algae|Stigeoclonium nanum|Plantae|Chlorophyta|||Chlorophyceae|Chaetophorales|Chaetophoraceae|Stigeoclonium|nanum|||Algae|1306596
1735|Green Algae|Dunaliella euchlora|Plantae|Chlorophyta|||Chlorophyceae|Volvocales|Dunaliellaceae|Dunaliella|euchlora|||Algae|
1742|Green Algae|Schroederia setigera|Plantae|Chlorophyta|||Chlorophyceae|Chlorococcales|Chlorococcaceae|Schroederia|setigera|||Algae|132188
1753|Green Algae|Schizogonium sp.|Plantae|Chlorophyta|||Chlorophyceae|Prasiolales|Prasiolaceae|Schizogonium|sp.|||Algae|
1760|Green Algae|Rhizoclonium sp.|Plantae|Chlorophyta|||Ulvophyceae|Cladophorales|Cladophoraceae|Rhizoclonium|sp.|||Algae|162072
1769|Green Algae|Stichococcus sp.|Plantae|Chlorophyta|||Chlorophyceae|Prasiolales|Prasiolaceae|Stichococcus|sp.|||Algae|29647
1794|Green Algae|Golenkinia minutissima|Plantae|Chlorophyta|||Chlorophyceae|Chlorococcales|Micractiniaceae|Golenkinia|minutissima|||Algae|415187
1800|Green Algae|Pediastrum sp.|Plantae|Chlorophyta|||Chlorophyceae|Chlorococcales|Hydrodictyaceae|Pediastrum|sp.|||Algae|3104
1801|Green Algae|Enteromorpha linza|Plantae|Chlorophyta|||Chlorophyceae|Ulotrichales|Ulvaceae|Enteromorpha|linza|||Algae|63409
1805|Green Algae|Codium fragile|Plantae|Chlorophyta|||Chlorophyceae|Caulerpales|Codiaceae|Codium|fragile|||Algae|3133
1809|Green Algae|Carteria eugametos|Plantae|Chlorophyta|||Chlorophyceae|Volvocales|Chlamydomonadaceae|Carteria|eugametos|||Algae|52036
1813|Green Algae|Pandorina sp.|Plantae|Chlorophyta|||Chlorophyceae|Volvocales|Volvocaceae|Pandorina|sp.|||Algae|33098
1819|Green Algae|Hydrodictyon sp.|Plantae|Chlorophyta|||Chlorophyceae|Chlorococcales|Hydrodictyaceae|Hydrodictyon|sp.|||Algae|3106
1820|Green Algae|Volvox sp.|Plantae|Chlorophyta|||Chlorophyceae|Volvocales|Volvocaceae|Volvox|sp.|||Algae|3066
1821|Green Algae|Zygnema sp.|Plantae|Chlorophyta|||Chlorophyceae|Zygnematales|Zygnemataceae|Zygnema|sp.|||Algae|43951
1825|Green Algae|Sporotetras pyriformis|Plantae|Chlorophyta|||Chlorophyceae|Chlorococcales||Sporotetras|pyriformis|||Algae|
1826|Green Algae|Ulothrix sp.|Plantae|Chlorophyta|||Chlorophyceae|Ulotrichales|Ulotrichaceae|Ulothrix|sp.|||Algae|43940
1827|Green Algae|Microspora sp.|Plantae|Chlorophyta|||Chlorophyceae|Microsporales|Microsporaceae|Microspora|sp.|||Algae|163316
1828|Green Algae|Protoderma frequens|Plantae|Chlorophyta|||Chlorophyceae|Chaetophorales|Chaetophoraceae|Protoderma|frequens|||Algae|
1829|Green Algae|Stigeoclonium tenue|Plantae|Chlorophyta|||Chlorophyceae|Chaetophorales|Chaetophoraceae|Stigeoclonium|tenue|||Algae|764117
1830|Green Algae|Gongrosira sp.|Plantae|Chlorophyta|||Chlorophyceae|Ctenocladales|Ctenocladaceae|Gongrosira|sp.|||Algae|37384
1832|Green Algae|Mougeotia sp.|Plantae|Chlorophyta|||Chlorophyceae|Zygnematales|Zygnemataceae|Mougeotia|sp.|||Algae|13157
1833|Green Algae|Bracteacoccus cinnabarinus|Plantae|Chlorophyta|||Chlorophyceae|Chlorococcales|Chlorococcaceae|Bracteacoccus|cinnabarinus|||Algae|31302
1846|Green Algae|Closterium sp.|Plantae|Charophyta|||Conjugatophyceae|Desmidiales|Desmidiaceae|Closterium|sp.|||Algae|34145
1860|Green Algae|Pithophora sp.|Plantae|Chlorophyta|||Ulvophyceae|Cladophorales|Cladophoraceae|Pithophora|sp.|||Algae|162057
1867|Green Algae|Nannochloris sp.|Plantae|Chlorophyta|||Chlorophyceae|Chlorococcales|Oocystaceae|Nannochloris|sp.|||Algae|3187
1881|Green Algae|Ulothrix fimbriata|Plantae|Chlorophyta|||Chlorophyceae|Ulotrichales|Ulotrichaceae|Ulothrix|fimbriata|||Algae|764119
1882|Green Algae|Gloeocystis vesiculosa|Plantae|Chlorophyta|||Chlorophyceae|Chlorococcales|Coccomyxaceae|Gloeocystis|vesiculosa|||Algae|1034626
1883|Green Algae|Schizomeris leibleinii|Plantae|Chlorophyta|||Chlorophyceae|Chaetophorales|Chaetophoraceae|Schizomeris|leibleinii|||Algae|104533
1884|Green Algae|Oedogonium foveolatum|Plantae|Chlorophyta|||Chlorophyceae|Oedogoniales|Oedogoniaceae|Oedogonium|foveolatum|||Algae|321584
1885|Green Algae|Staurastrum sp.|Plantae|Charophyta|||Conjugatophyceae|Desmidiales|Desmidiaceae|Staurastrum|sp.|||Algae|31317
1886|Green Algae|Draparnaldia plumosa|Plantae|Chlorophyta|||Chlorophyceae|Chaetophorales|Chaetophoraceae|Draparnaldia|plumosa|||Algae|33095
1888|Green Algae|Pandorina mora|Plantae|Chlorophyta|||Chlorophyceae|Volvocales|Volvocaceae|Pandorina|mora|||Algae|
1889|Green Algae|Pediastrum duplex|Plantae|Chlorophyta|||Chlorophyceae|Chlorococcales|Hydrodictyaceae|Pediastrum|duplex|||Algae|3105
1890|Green Algae|Haematococcus droebakensis|Plantae|Chlorophyta|||Chlorophyceae|Volvocales|Haematococcaceae|Haematococcus|droebakensis|||Algae|51705
1891|Green Algae|Cylindrocapsa involuta|Plantae|Chlorophyta|||Chlorophyceae|Coleochaetales|Cylindrocapsaceae|Cylindrocapsa|involuta|||Algae|
1892|Green Algae|Golenkinia radiata|Plantae|Chlorophyta|||Chlorophyceae|Chlorococcales|Micractiniaceae|Golenkinia|radiata|||Algae|
1903|Green Algae|Enteromorpha crinata|Plantae|Chlorophyta|||Chlorophyceae|Ulotrichales|Ulvaceae|Enteromorpha|crinata|||Algae|
1904|Green Algae|Chlamydomonas angulosa|Plantae|Chlorophyta|||Chlorophyceae|Volvocales|Chlamydomonadaceae|Chlamydomonas|angulosa|||Algae|1244599
1922|Green Algae|Chlamydomonas geitleri|Plantae|Chlorophyta|||Chlorophyceae|Volvocales|Chlamydomonadaceae|Chlamydomonas|geitleri|||Algae|
1946|Green Algae|Chlorella stigmatophora|Plantae|Chlorophyta|||Chlorophyceae|Chlorococcales|Oocystaceae|Chlorella|stigmatophora|||Algae|1521755
1951|Green Algae|Coelastrum microporum|Plantae|Chlorophyta|||Chlorophyceae|Chlorococcales|Scenedesmaceae|Coelastrum|microporum|||Algae|55409
1962|Green Algae|Ourococcus sp.|Plantae|Chlorophyta|||Chlorophyceae|Chlorococcales|Coccomyxaceae|Ourococcus|sp.|||Algae|132185
1967|Green Algae|Actinastrum sp.|Plantae|Chlorophyta|||Chlorophyceae|Chlorococcales|Scenedesmaceae|Actinastrum|sp.|||Algae|
1972|Green Algae|Closterium littorale|Plantae|Charophyta|||Conjugatophyceae|Desmidiales|Desmidiaceae|Closterium|littorale|||Algae|102166
1973|Green Algae|Stigeoclonium helveticum|Plantae|Chlorophyta|||Chlorophyceae|Chaetophorales|Chaetophoraceae|Stigeoclonium|helveticum|||Algae|55999
1974|Green Algae|Zygnema circumcarinatum|Plantae|Chlorophyta|||Chlorophyceae|Zygnematales|Zygnemataceae|Zygnema|circumcarinatum|||Algae|35869
2004|Green Algae|Sphaeroplea annulina|Plantae|Chlorophyta|||Chlorophyceae|Sphaeropleales|Sphaeropleaceae|Sphaeroplea|annulina|||Algae|164533
2006|Green Algae|Micrasterias sp.|Plantae|Charophyta|||Conjugatophyceae|Desmidiales|Desmidiaceae|Micrasterias|sp.|||Algae|130980
2007|Green Algae|Golenkinia sp.|Plantae|Chlorophyta|||Chlorophyceae|Chlorococcales|Micractiniaceae|Golenkinia|sp.|||Algae|204990
2056|Green Algae|Chlorella zofingiensis|Plantae|Chlorophyta|||Chlorophyceae|Chlorococcales|Oocystaceae|Chlorella|zofingiensis|||Algae|
2091|Green Algae|Ulothrix flacca|Plantae|Chlorophyta|||Chlorophyceae|Ulotrichales|Ulotrichaceae|Ulothrix|flacca|||Algae|1241584
2092|Green Algae|Haematococcus capensis|Plantae|Chlorophyta|||Chlorophyceae|Volvocales|Haematococcaceae|Haematococcus|capensis|||Algae|1244627
2097|Green Algae|Chlamydomonas segnis|Plantae|Chlorophyta|||Chlorophyceae|Volvocales|Chlamydomonadaceae|Chlamydomonas|segnis|||Algae|
2098|Green Algae|Dunaliella salina|Plantae|Chlorophyta|||Chlorophyceae|Volvocales|Dunaliellaceae|Dunaliella|salina|||Algae|3046
2139|Green Algae|Brachiomonas submarina|Plantae|Chlorophyta|||Chlorophyceae|Volvocales|Chlamydomonadaceae|Brachiomonas|submarina|||Algae|327064
2157|Green Algae|Dunaliella minuta|Plantae|Chlorophyta|||Chlorophyceae|Volvocales|Dunaliellaceae|Dunaliella|minuta|||Algae|289299
2175|Green Algae|Scenedesmus acutiformis|Plantae|Chlorophyta|||Chlorophyceae|Chlorococcales|Scenedesmaceae|Scenedesmus|acutiformis|||Algae|91196
2178|Green Algae|Draparnaldia sp.|Plantae|Chlorophyta|||Chlorophyceae|Chaetophorales|Chaetophoraceae|Draparnaldia|sp.|||Algae|33094
2179|Green Algae|Spirogyra singularis|Plantae|Chlorophyta|||Chlorophyceae|Zygnematales|Zygnemataceae|Spirogyra|singularis|||Algae|
2254|Green Algae|Scenedesmus dimorphus|Plantae|Chlorophyta|||Chlorophyceae|Chlorococcales|Scenedesmaceae|Scenedesmus|dimorphus|||Algae|119574
2281|Green Algae|Coccomyxa sp.|Plantae|Chlorophyta|||Chlorophyceae|Chlorococcales|Coccomyxaceae|Coccomyxa|sp.|||Algae|41891
2282|Green Algae|Pediastrum tetras|Plantae|Chlorophyta|||Chlorophyceae|Chlorococcales|Hydrodictyaceae|Pediastrum|tetras|||Algae|271398
2320|Green Algae|Chlorella protothecoides|Plantae|Chlorophyta|||Chlorophyceae|Chlorococcales|Oocystaceae|Chlorella|protothecoides|||Algae|3075
2352|Green Algae|Draparnaldia glomerata|Plantae|Chlorophyta|||Chlorophyceae|Chaetophorales|Chaetophoraceae|Draparnaldia|glomerata|||Algae|764113
2369|Green Algae|Scenedesmus pannonicus|Plantae|Chlorophyta|||Chlorophyceae|Chlorococcales|Scenedesmaceae|Scenedesmus|pannonicus|||Algae|
2384|Green Algae|Gloeotaenium loitlesbergerianum|Plantae|Chlorophyta|||Chlorophyceae|Chlorococcales|Oocystaceae|Gloeotaenium|loitlesbergerianum|||Algae|
2390|Green Algae|Haematococcus pluvialis|Plantae|Chlorophyta|||Chlorophyceae|Volvocales|Haematococcaceae|Haematococcus|pluvialis|||Algae|44745
2402|Green Algae|Gonium sp.|Plantae|Chlorophyta|||Chlorophyceae|Volvocales|Volvocaceae|Gonium|sp.|||Algae|33096
2403|Green Algae|Binuclearia sp.|Plantae|Chlorophyta|||Chlorophyceae|Ulotrichales|Ulotrichaceae|Binuclearia|sp.|||Algae|
2406|Green Algae|Halochlorococcum saccatum|Plantae|Chlorophyta|||Chlorophyceae|Acrosiphoniales|Chlorocystidaceae|Halochlorococcum|saccatum|||Algae|
2413|Green Algae|Chlorella saccharophila|Plantae|Chlorophyta|||Chlorophyceae|Chlorococcales|Oocystaceae|Chlorella|saccharophila|||Algae|3082
2445|Green Algae|Cryptochrysis sp.|Plantae|Cryptophycophyta|||Cryptophyceae|||Cryptochrysis|sp.|||Algae|
2446|Green Algae|Crucigenia sp.|Plantae|Chlorophyta|||Chlorophyceae|Chlorococcales|Scenedesmaceae|Crucigenia|sp.|||Algae|1169106
2447|Green Algae|Cosmarium sp.|Plantae|Charophyta|||Conjugatophyceae|Desmidiales|Desmidiaceae|Cosmarium|sp.|||Algae|33100
2455|Green Algae|Spirogyra juergensii|Plantae|Chlorophyta|||Chlorophyceae|Zygnematales|Zygnemataceae|Spirogyra|juergensii|||Algae|332118
2460|Green Algae|Cyanidium caldarium|Plantae|Chlorophyta|||Chlorophyceae|Volvocales|Chlamydomonadaceae|Cyanidium|caldarium|||Algae|2771
2504|Green Algae|Oocystis sp.|Plantae|Chlorophyta|||Chlorophyceae|Chlorococcales|Oocystaceae|Oocystis|sp.|||Algae|120746
2841|Green Algae|Ulothrix subconstricta|Plantae|Chlorophyta|||Chlorophyceae|Ulotrichales|Ulotrichaceae|Ulothrix|subconstricta|||Algae|
2845|Green Algae|Dunaliella parva|Plantae|Chlorophyta|||Chlorophyceae|Volvocales|Dunaliellaceae|Dunaliella|parva|||Algae|3048
2903|Green Algae|Closterium lanceolatum|Plantae|Charophyta|||Conjugatophyceae|Desmidiales|Desmidiaceae|Closterium|lanceolatum|||Algae|
2917|Green Algae|Cosmarium obtusatum|Plantae|Charophyta|||Conjugatophyceae|Desmidiales|Desmidiaceae|Cosmarium|obtusatum|||Algae|98434
2926|Green Algae|Spirogyra grevilleana|Plantae|Chlorophyta|||Chlorophyceae|Zygnematales|Zygnemataceae|Spirogyra|grevilleana|||Algae|3182
2942|Green Algae|Micrasterias thomasiana|Plantae|Charophyta|||Conjugatophyceae|Desmidiales|Desmidiaceae|Micrasterias|thomasiana|||Algae|416308
2943|Green Algae|Closterium acerosum|Plantae|Charophyta|||Conjugatophyceae|Desmidiales|Desmidiaceae|Closterium|acerosum|||Algae|130971
2953|Green Algae|Acrosiphonia sonderi|Plantae|Chlorophyta|||Chlorophyceae|Acrosiphoniales|Acrosiphoniaceae|Acrosiphonia|sonderi|||Algae|932719
2988|Green Algae|Franceia sp.|Plantae|Chlorophyta|||Chlorophyceae|Chlorococcales|Oocystaceae|Franceia|sp.|||Algae|304616
2998|Green Algae|Volvox globator|Plantae|Chlorophyta|||Chlorophyceae|Volvocales|Volvocaceae|Volvox|globator|||Algae|51718
2999|Green Algae|Scenedesmus acutus|Plantae|Chlorophyta|||Chlorophyceae|Chlorococcales|Scenedesmaceae|Scenedesmus|acutus|||Standard Test SpeciesAlgae|104103
3014|Green Algae|Chaetomorpha linum|Plantae|Chlorophyta|||Ulvophyceae|Cladophorales|Cladophoraceae|Chaetomorpha|linum|||Algae|162065
3040|Green Algae|Oedogonium areolatum|Plantae|Chlorophyta|||Chlorophyceae|Oedogoniales|Oedogoniaceae|Oedogonium|areolatum|||Algae|
3046|Green Algae|Scenedesmus incrassatulus|Plantae|Chlorophyta|||Chlorophyceae|Chlorococcales|Scenedesmaceae|Scenedesmus|incrassatulus|||Algae|1034621
3064|Green Algae|Ulva fenestrata|Plantae|Chlorophyta|||Chlorophyceae|Ulotrichales|Ulvaceae|Ulva|fenestrata|||Algae|83795
4379|Green Algae|Chlorogonium sp.|Plantae|Chlorophyta|||Chlorophyceae|Volvocales|Chlamydomonadaceae|Chlorogonium|sp.|||Algae|52027
4382|Green Algae|Closterium ehrenbergii|Plantae|Charophyta|||Conjugatophyceae|Desmidiales|Desmidiaceae|Closterium|ehrenbergii|||Algae|102165
4383|Green Algae|Closterium moniliferum|Plantae|Charophyta|||Conjugatophyceae|Desmidiales|Desmidiaceae|Closterium|moniliferum|||Algae|157562
4384|Green Algae|Coelastrum morus|Plantae|Chlorophyta|||Chlorophyceae|Chlorococcales|Scenedesmaceae|Coelastrum|morus|||Algae|795111
4391|Green Algae|Eudorina sp.|Plantae|Chlorophyta|||Chlorophyceae|Volvocales|Volvocaceae|Eudorina|sp.|||Algae|34143
4407|Green Algae|Pandorina morum|Plantae|Chlorophyta|||Chlorophyceae|Volvocales|Volvocaceae|Pandorina|morum|||Algae|33099
4420|Green Algae|Euastrum verrucosum|Plantae|Charophyta|||Conjugatophyceae|Desmidiales|Desmidiaceae|Euastrum|verrucosum|||Algae|426044
4426|Green Algae|Micractinium pusillum|Plantae|Chlorophyta|||Chlorophyceae|Chlorococcales|Micractiniaceae|Micractinium|pusillum|||Algae|126839
4428|Green Algae|Penium margaritaceum|Plantae|Charophyta|||Conjugatophyceae|Desmidiales|Desmidiaceae|Penium|margaritaceum|||Algae|102169
4541|Green Algae|Spongomorpha arcta|Plantae|Chlorophyta|||Chlorophyceae|Acrosiphoniales|Acrosiphoniaceae|Spongomorpha|arcta|||Algae|
4581|Green Algae|Micrasterias denticulata|Plantae|Charophyta|||Conjugatophyceae|Desmidiales|Desmidiaceae|Micrasterias|denticulata|||Algae|407018
4590|Green Algae|Polytoma uvella|Plantae|Chlorophyta|||Chlorophyceae|Volvocales|Chlamydomonadaceae|Polytoma|uvella|||Algae|40532
4594|Green Algae|Chlorella fusca var. vacuolata|Plantae|Chlorophyta|||Chlorophyceae|Chlorococcales|Oocystaceae|Chlorella|fusca||var. vacuolata|Algae|
4673|Green Algae|Monoraphidium griffithii|Plantae|Chlorophyta|||Chlorophyceae|Chlorococcales|Oocystaceae|Monoraphidium|griffithii|||Algae|307514
4685|Green Algae|Dictyosphaerium ehrenbergianum|Plantae|Chlorophyta|||Chlorophyceae|Chlorococcales|Dictyosphaeriaceae|Dictyosphaerium|ehrenbergianum|||Algae|745283
4686|Green Algae|Dictyosphaerium pulchellum|Plantae|Chlorophyta|||Chlorophyceae|Chlorococcales|Dictyosphaeriaceae|Dictyosphaerium|pulchellum|||Algae|247497
4712|Green Algae|Scenedesmus armatus|Plantae|Chlorophyta|||Chlorophyceae|Chlorococcales|Scenedesmaceae|Scenedesmus|armatus|||Algae|1034623
4770|Green Algae|Chlorella vulgaris var. vulgaris|Plantae|Chlorophyta|||Chlorophyceae|Chlorococcales|Oocystaceae|Chlorella|vulgaris|var. vulgaris||Algae|619269
4781|Green Algae|Dunaliella viridis|Plantae|Chlorophyta|||Chlorophyceae|Volvocales|Dunaliellaceae|Dunaliella|viridis|||Algae|140095
4794|Green Algae|Chlamydomonas noctigama|Plantae|Chlorophyta|||Chlorophyceae|Volvocales|Chlamydomonadaceae|Chlamydomonas|noctigama|||Algae|28456
4807|Green Algae|Closterium juncidium|Plantae|Charophyta|||Conjugatophyceae|Desmidiales|Desmidiaceae|Closterium|juncidium|||Algae|
4811|Green Algae|Glaucocystis nostochinearum|Plantae|Chlorophyta|||Chlorophyceae|Chlorococcales|Oocystaceae|Glaucocystis|nostochinearum|||Algae|38271
5143|Green Algae|Acetabularia sp.|Plantae|Chlorophyta|||Chlorophyceae|Dasycladales|Dasycladaceae|Acetabularia|sp.|||Algae|3136
5194|Green Algae|Dunaliella bardawil|Plantae|Chlorophyta|||Chlorophyceae|Volvocales|Dunaliellaceae|Dunaliella|bardawil|||Algae|3046
5253|Green Algae|Enteromorpha prolifera|Plantae|Chlorophyta|||Chlorophyceae|Ulotrichales|Ulvaceae|Enteromorpha|prolifera|||Algae|3117
5269|Green Algae|Sphaerocystis schroeteri|Plantae|Chlorophyta|||Chlorophyceae|Tetrasporales|Palmellopsidaceae|Sphaerocystis|schroeteri|||Algae|1461601
5270|Green Algae|Staurastrum chaetoceras|Plantae|Charophyta|||Conjugatophyceae|Desmidiales|Desmidiaceae|Staurastrum|chaetoceras|||Algae|
5271|Green Algae|Staurastrum manfeldtii|Plantae|Charophyta|||Conjugatophyceae|Desmidiales|Desmidiaceae|Staurastrum|manfeldtii|||Algae|
5318|Green Algae|Stigeoclonium subsecundum|Plantae|Chlorophyta|||Chlorophyceae|Chaetophorales|Chaetophoraceae|Stigeoclonium|subsecundum|||Algae|1306595
5339|Green Algae|Chlamydomonas bullosa|Plantae|Chlorophyta|||Chlorophyceae|Volvocales|Chlamydomonadaceae|Chlamydomonas|bullosa|||Algae|
5346|Green Algae|Gonatozygon sp.|Plantae|Chlorophyta|||Chlorophyceae|Zygnematales|Mesotaeniaceae|Gonatozygon|sp.|||Algae|45762
5394|Green Algae|Selenastrum sp.|Plantae|Chlorophyta|||Chlorophyceae|Sphaeropleales|Selenastraceae|Selenastrum|sp.|||Algae|
5510|Green Algae|Staurastrum boreale|Plantae|Charophyta|||Conjugatophyceae|Desmidiales|Desmidiaceae|Staurastrum|boreale|||Algae|
5524|Green Algae|Gloeocystis ampla|Plantae|Chlorophyta|||Chlorophyceae|Chlorococcales|Coccomyxaceae|Gloeocystis|ampla|||Algae|
5579|Green Algae|Chlorella rubescens|Plantae|Chlorophyta|||Chlorophyceae|Chlorococcales|Oocystaceae|Chlorella|rubescens|||Algae|
5619|Green Algae|Coccomyxa minor|Plantae|Chlorophyta|||Chlorophyceae|Chlorococcales|Coccomyxaceae|Coccomyxa|minor|||Algae|
5745|Green Algae|Chlorococcum macrostigmatum|Plantae|Chlorophyta|||Chlorophyceae|Chlorococcales|Chlorococcaceae|Chlorococcum|macrostigmatum|||Algae|942062
5746|Green Algae|Chlorococcum vacuolatum|Plantae|Chlorophyta|||Chlorophyceae|Chlorococcales|Chlorococcaceae|Chlorococcum|vacuolatum|||Algae|1400010
5747|Green Algae|Volvox aureus|Plantae|Chlorophyta|||Chlorophyceae|Volvocales|Volvocaceae|Volvox|aureus|||Algae|47287
5788|Green Algae|Ulothrix tenerrima|Plantae|Chlorophyta|||Chlorophyceae|Ulotrichales|Ulotrichaceae|Ulothrix|tenerrima|||Algae|
5815|Green Algae|Crucigenia tetrapedia|Plantae|Chlorophyta|||Chlorophyceae|Chlorococcales|Scenedesmaceae|Crucigenia|tetrapedia|||Algae|1207347
6004|Green Algae|Protococcus sp.|Plantae|Chlorophyta|||Chlorophyceae|Ctenocladales|Ctenocladaceae|Protococcus|sp.|||Algae|
6012|Green Algae|Eudorina californica|Plantae|Chlorophyta|||Chlorophyceae|Volvocales|Volvocaceae|Eudorina|californica|||Algae|
7414|Green Algae|Boergesenia forbesii|Plantae|Chlorophyta|||Chlorophyceae|Siphonocladales|Valoniaceae|Boergesenia|forbesii|||Algae|204412
7453|Green Algae|Elakatothrix gelatinosa|Plantae|Chlorophyta|||Chlorophyceae|Chlorococcales|Coccomyxaceae|Elakatothrix|gelatinosa|||Algae|
7463|Green Algae|Haematococcus sp.|Plantae|Chlorophyta|||Chlorophyceae|Volvocales|Haematococcaceae|Haematococcus|sp.|||Algae|44744
7511|Green Algae|Uronema confervicolum|Plantae|Chlorophyta|||Chlorophyceae|Ulotrichales|Ulotrichaceae|Uronema|confervicolum|||Algae|
10586|Green Algae|Ulva pertusa|Plantae|Chlorophyta|||Chlorophyceae|Ulotrichales|Ulvaceae|Ulva|pertusa|||Standard Test SpeciesAlgae|3120
10639|Green Algae|Chlorella luteoviridis|Plantae|Chlorophyta|||Chlorophyceae|Chlorococcales|Oocystaceae|Chlorella|luteoviridis|||Algae|31301
10640|Green Algae|Chlorella minutissima|Plantae|Chlorophyta|||Chlorophyceae|Chlorococcales|Oocystaceae|Chlorella|minutissima|||Algae|3081
10746|Green Algae|Pediastrum simplex|Plantae|Chlorophyta|||Chlorophyceae|Chlorococcales|Hydrodictyaceae|Pediastrum|simplex|||Algae|271407
10770|Green Algae|Enteromorpha flexuosa|Plantae|Chlorophyta|||Chlorophyceae|Ulotrichales|Ulvaceae|Enteromorpha|flexuosa|||Algae|83791
11096|Green Algae|Bryopsis maxima|Plantae|Chlorophyta|||Chlorophyceae|Bryopsidales|Bryopsidaceae|Bryopsis|maxima|||Algae|3129
11108|Green Algae|Chlorella vulgaris ssp. tertia|Plantae|Chlorophyta|||Chlorophyceae|Chlorococcales|Oocystaceae|Chlorella|vulgaris|ssp. tertia||Algae|
11172|Green Algae|Chlorella fusca ssp. fusca|Plantae|Chlorophyta|||Chlorophyceae|Chlorococcales|Oocystaceae|Chlorella|fusca|ssp. fusca||Algae|
11800|Green Algae|Mougeotia gracilima|Plantae|Chlorophyta|||Chlorophyceae|Zygnematales|Zygnemataceae|Mougeotia|gracilima|||Algae|
11803|Green Algae|Coelastrum sp.|Plantae|Chlorophyta|||Chlorophyceae|Chlorococcales|Scenedesmaceae|Coelastrum|sp.|||Algae|55408
11925|Green Algae|Chlorella miniata|Plantae|Chlorophyta|||Chlorophyceae|Chlorococcales|Oocystaceae|Chlorella|miniata|||Algae|1848530
15815|Green Algae|Pediastrum biwae|Plantae|Chlorophyta|||Chlorophyceae|Chlorococcales|Hydrodictyaceae|Pediastrum|biwae|||Algae|
16875|Green Algae|Sphaerocystis sp.|Plantae|Chlorophyta|||Chlorophyceae|Tetrasporales|Palmellopsidaceae|Sphaerocystis|sp.|||Algae|915267
16973|Green Algae|Staurodesmus convergens|Plantae|Charophyta|||Conjugatophyceae|Desmidiales|Desmidiaceae|Staurodesmus|convergens|||Algae|266103
17078|Green Algae|Staurastrum cristatum|Plantae|Charophyta|||Conjugatophyceae|Desmidiales|Desmidiaceae|Staurastrum|cristatum|||Algae|184521
17083|Green Algae|Microthamnion kuetzingianum|Plantae|Chlorophyta|||Chlorophyceae|Chaetophorales|Chaetophoraceae|Microthamnion|kuetzingianum|||Algae|34148
17084|Green Algae|Spirogyra cylindrica|Plantae|Chlorophyta|||Chlorophyceae|Zygnematales|Zygnemataceae|Spirogyra|cylindrica|||Algae|
17449|Green Algae|Desmodesmus subspicatus|Plantae|Chlorophyta|||Chlorophyceae|Chlorococcales|Scenedesmaceae|Desmodesmus|subspicatus|||Standard Test SpeciesAlgae|104105
17520|Green Algae|Chlorella vulgaris var. viridis|Plantae|Chlorophyta|||Chlorophyceae|Chlorococcales|Oocystaceae|Chlorella|vulgaris||var. viridis|Algae|3077
17606|Green Algae|Hormidium subtile|Plantae|Chlorophyta|||Chlorophyceae|Prasiolales|Prasiolaceae|Hormidium|subtile|||Algae|
17643|Green Algae|Microthamnion strictissimum|Plantae|Chlorophyta|||Chlorophyceae|Chaetophorales|Chaetophoraceae|Microthamnion|strictissimum|||Algae|
17663|Green Algae|Chlorococcum lobata|Plantae|Chlorophyta|||Chlorophyceae|Chlorococcales|Chlorococcaceae|Chlorococcum|lobata|||Algae|
17665|Green Algae|Chlorococcum infusionum|Plantae|Chlorophyta|||Chlorophyceae|Chlorococcales|Chlorococcaceae|Chlorococcum|infusionum|||Algae|1441382
17756|Green Algae|Selenastrum minutum|Plantae|Chlorophyta|||Chlorophyceae|Sphaeropleales|Selenastraceae|Selenastrum|minutum|||Algae|39955
17854|Green Algae|Scenedesmus acutus var. acutus|Plantae|Chlorophyta|||Chlorophyceae|Chlorococcales|Scenedesmaceae|Scenedesmus|acutus|var. acutus||Algae|
17870|Green Algae|Scenedesmus microspina|Plantae|Chlorophyta|||Chlorophyceae|Chlorococcales|Scenedesmaceae|Scenedesmus|microspina|||Algae|
17902|Green Algae|Scenedesmus platydiscus|Plantae|Chlorophyta|||Chlorophyceae|Chlorococcales|Scenedesmaceae|Scenedesmus|platydiscus|||Algae|
17949|Green Algae|Coleochaete sp.|Plantae|Chlorophyta|||Chlorophyceae|Coleochaetales|Coleochaetaceae|Coleochaete|sp.|||Algae|3123
18092|Green Algae|Oocystis submarina var. variabilis|Plantae|Chlorophyta|||Chlorophyceae|Chlorococcales|Oocystaceae|Oocystis|submarina||var. variabilis|Algae|
18093|Green Algae|Monoraphidium komarkovae|Plantae|Chlorophyta|||Chlorophyceae|Chlorococcales|Oocystaceae|Monoraphidium|komarkovae|||Algae|1662589
18146|Green Algae|Desmococcus sp.|Plantae|Chlorophyta|||Chlorophyceae|Chaetophorales|Chaetophoraceae|Desmococcus|sp.|||Algae|187457
18465|Green Algae|Chlorogonium elongatum|Plantae|Chlorophyta|||Chlorophyceae|Volvocales|Chlamydomonadaceae|Chlorogonium|elongatum|||Algae|52029
18512|Green Algae|Chlamydomonas acidophila|Plantae|Chlorophyta|||Chlorophyceae|Volvocales|Chlamydomonadaceae|Chlamydomonas|acidophila|||Algae|257625
18737|Green Algae|Oocystis submarina|Plantae|Chlorophyta|||Chlorophyceae|Chlorococcales|Oocystaceae|Oocystis|submarina|||Algae|
19008|Green Algae|Monoraphidium pusillum|Plantae|Chlorophyta|||Chlorophyceae|Chlorococcales|Oocystaceae|Monoraphidium|pusillum|||Algae|307512
19182|Green Algae|Zygnema cylindricum|Plantae|Chlorophyta|||Chlorophyceae|Zygnematales|Zygnemataceae|Zygnema|cylindricum|||Algae|299575
19365|Green Algae|Ulva procera|Plantae|Chlorophyta|||Chlorophyceae|Ulotrichales|Ulvaceae|Ulva|procera|||Algae|110833
20123|Green Algae|Cladophora rupestris|Plantae|Chlorophyta|||Ulvophyceae|Cladophorales|Cladophoraceae|Cladophora|rupestris|||Algae|34133
20260|Green Algae|Botryococcus braunii|Plantae|Chlorophyta|||Chlorophyceae|Chlorococcales|Dictyosphaeriaceae|Botryococcus|braunii|||Algae|38881
20392|Green Algae|Closterium lunula|Plantae|Charophyta|||Conjugatophyceae|Desmidiales|Desmidiaceae|Closterium|lunula|||Algae|227149
21309|Green Algae|Boergesenia sp.|Plantae|Chlorophyta|||Chlorophyceae|Siphonocladales|Valoniaceae|Boergesenia|sp.|||Algae|
21346|Green Algae|Brachiomonas sp.|Plantae|Chlorophyta|||Chlorophyceae|Volvocales|Chlamydomonadaceae|Brachiomonas|sp.|||Algae|284741
21391|Green Algae|Bracteacoccus sp.|Plantae|Chlorophyta|||Chlorophyceae|Chlorococcales|Chlorococcaceae|Bracteacoccus|sp.|||Algae|
21491|Green Algae|Pleodorina sp.|Plantae|Chlorophyta|||Chlorophyceae|Volvocales|Volvocaceae|Pleodorina|sp.|||Algae|47284
21680|Green Algae|Sphaeroplea sp.|Plantae|Chlorophyta|||Chlorophyceae|Sphaeropleales|Sphaeropleaceae|Sphaeroplea|sp.|||Algae|52680
21720|Green Algae|Mesotaenium sp.|Plantae|Chlorophyta|||Chlorophyceae|Zygnematales|Mesotaeniaceae|Mesotaenium|sp.|||Algae|31320
21741|Green Algae|Gloeocystis sp.|Plantae|Chlorophyta|||Chlorophyceae|Chlorococcales|Coccomyxaceae|Gloeocystis|sp.|||Algae|256023
21850|Green Algae|Glaucocystis sp.|Plantae|Chlorophyta|||Chlorophyceae|Chlorococcales|Oocystaceae|Glaucocystis|sp.|||Algae|
21972|Green Algae|Schizomeris sp.|Plantae|Chlorophyta|||Chlorophyceae|Chaetophorales|Chaetophoraceae|Schizomeris|sp.|||Algae|
22023|Green Algae|Zygogonium sp.|Plantae|Chlorophyta|||Chlorophyceae|Zygnematales|Zygnemataceae|Zygogonium|sp.|||Algae|130994
22134|Green Algae|Elakatothrix sp.|Plantae|Chlorophyta|||Chlorophyceae|Chlorococcales|Coccomyxaceae|Elakatothrix|sp.|||Algae|
22281|Green Algae|Desmodesmus sp.|Plantae|Chlorophyta|||Chlorophyceae|Chlorococcales|Scenedesmaceae|Desmodesmus|sp.|||Algae|91202
22370|Green Algae|Cylindrocapsa sp.|Plantae|Chlorophyta|||Chlorophyceae|Coleochaetales|Cylindrocapsaceae|Cylindrocapsa|sp.|||Algae|
22417|Green Algae|Ankyra sp.|Plantae|Chlorophyta|||Chlorophyceae|Chlorococcales|Characiaceae|Ankyra|sp.|||Algae|52687
22542|Green Algae|Micractinium sp.|Plantae|Chlorophyta|||Chlorophyceae|Chlorococcales|Micractiniaceae|Micractinium|sp.|||Algae|
22565|Green Algae|Penium sp.|Plantae|Charophyta|||Conjugatophyceae|Desmidiales|Desmidiaceae|Penium|sp.|||Algae|
22967|Green Algae|Microthamnion sp.|Plantae|Chlorophyta|||Chlorophyceae|Chaetophorales|Chaetophoraceae|Microthamnion|sp.|||Algae|
23054|Green Algae|Botryococcus sp.|Plantae|Chlorophyta|||Chlorophyceae|Chlorococcales|Dictyosphaeriaceae|Botryococcus|sp.|||Algae|
23415|Green Algae|Pseudokirchneriella sp.|Plantae|Chlorophyta|||Chlorophyceae|Chlorococcales|Scenedesmaceae|Pseudokirchneriella|sp.|||Algae|
23483|Green Algae|Spongomorpha sp.|Plantae|Chlorophyta|||Chlorophyceae|Acrosiphoniales|Acrosiphoniaceae|Spongomorpha|sp.|||Algae|
23687|Green Algae|Staurodesmus sp.|Plantae|Charophyta|||Conjugatophyceae|Desmidiales|Desmidiaceae|Staurodesmus|sp.|||Algae|130996
23749|Green Algae|Cyanidium sp.|Plantae|Chlorophyta|||Chlorophyceae|Volvocales|Chlamydomonadaceae|Cyanidium|sp.|||Algae|
23813|Green Algae|Polytoma sp.|Plantae|Chlorophyta|||Chlorophyceae|Volvocales|Chlamydomonadaceae|Polytoma|sp.|||Algae|40525
24025|Green Algae|Euastrum sp.|Plantae|Charophyta|||Conjugatophyceae|Desmidiales|Desmidiaceae|Euastrum|sp.|||Algae|130992
24245|Green Algae|Codium sp.|Plantae|Chlorophyta|||Chlorophyceae|Caulerpales|Codiaceae|Codium|sp.|||Algae|3132
24255|Green Algae|Bryopsis sp.|Plantae|Chlorophyta|||Chlorophyceae|Bryopsidales|Bryopsidaceae|Bryopsis|sp.|||Algae|3128
24486|Green Algae|Schroederia sp.|Plantae|Chlorophyta|||Chlorophyceae|Chlorococcales|Chlorococcaceae|Schroederia|sp.|||Algae|
24653|Green Algae|Cylindrocapsa geminella|Plantae|Chlorophyta|||Chlorophyceae|Coleochaetales|Cylindrocapsaceae|Cylindrocapsa|geminella|||Algae|52679
24780|Green Algae|Stigeoclonium amoenum|Plantae|Chlorophyta|||Chlorophyceae|Chaetophorales|Chaetophoraceae|Stigeoclonium|amoenum|||Algae|764114
25742|Green Algae|Golenkiniopsis sp.|Plantae|Chlorophyta|||Trebouxiophyceae|Chlorellales|Chlorellaceae|Golenkiniopsis|sp.|||Algae|
25743|Green Algae|Koliella sp.|Plantae|Chlorophyta|||Chlorophyceae|Prasiolales|Koliellaceae|Koliella|sp.|||Algae|
26033|Green Algae|Selenastrum bibraianum var. gracile|Plantae|Chlorophyta|||Chlorophyceae|Sphaeropleales|Selenastraceae|Selenastrum|bibraianum||var. gracile|Algae|
26488|Green Algae|Caulerpa brownii|Plantae|Chlorophyta|||Chlorophyceae|Caulerpales|Caulerpaceae|Caulerpa|brownii|||Algae|
26489|Green Algae|Caulerpa cactoides|Plantae|Chlorophyta|||Chlorophyceae|Caulerpales|Caulerpaceae|Caulerpa|cactoides|||Algae|177083
26490|Green Algae|Caulerpa flexilis|Plantae|Chlorophyta|||Chlorophyceae|Caulerpales|Caulerpaceae|Caulerpa|flexilis|||Algae|177084
26559|Green Algae|Genicularia sp.|Plantae|Charophyta|||Conjugatophyceae|Desmidiales|Gonatozygaceae|Genicularia|sp.|||Algae|31315
26583|Green Algae|Pediastrum boryanum|Plantae|Chlorophyta|||Chlorophyceae|Chlorococcales|Hydrodictyaceae|Pediastrum|boryanum|||Algae|55410
27867|Green Algae|Oocystis naegelii|Plantae|Chlorophyta|||Chlorophyceae|Chlorococcales|Oocystaceae|Oocystis|naegelii|||Algae|1913058
27869|Green Algae|Nephroselmis olivacea|Plantae|Prasinophyta|||Prasinophyceae|Pyramimonadales|Polyblepharidaceae|Nephroselmis|olivacea|||Algae|31312
27873|Green Algae|Selenastrum bibraianum|Plantae|Chlorophyta|||Chlorophyceae|Sphaeropleales|Selenastraceae|Selenastrum|bibraianum|||Algae|81817
29021|Green Algae|Parachlorella kessleri|Plantae|Chlorophyta|||Trebouxiophyceae|Chlorellales|Chlorellaceae|Parachlorella|kessleri|||Algae|3074
29027|Green Algae|Parachlorella sp.|Plantae|Chlorophyta|||Trebouxiophyceae|Chlorellales|Chlorellaceae|Parachlorella|sp.|||Algae|
30748|Green Algae|Cephaleuros virescens|Plantae|Chlorophyta|||Chlorophyceae|Trentepohliales|Trentepohliaceae|Cephaleuros|virescens|||Algae|173371
31231|Green Algae|Chlorococcum minutum|Plantae|Chlorophyta|||Chlorophyceae|Chlorococcales|Chlorococcaceae|Chlorococcum|minutum|||Algae|650622
31272|Green Algae|Caulerpa racemosa|Plantae|Chlorophyta|||Chlorophyceae|Caulerpales|Caulerpaceae|Caulerpa|racemosa|||Algae|76317
31291|Green Algae|Geminella sp.|Plantae|Chlorophyta|||Trebouxiophyceae|Chlorellales|Chlorellaceae|Geminella|sp.|||Algae|
31305|Green Algae|Cosmarium crenulatum|Plantae|Charophyta|||Conjugatophyceae|Desmidiales|Desmidiaceae|Cosmarium|crenulatum|||Algae|
31310|Green Algae|Cosmarium turpinii|Plantae|Charophyta|||Conjugatophyceae|Desmidiales|Desmidiaceae|Cosmarium|turpinii|||Algae|1302300
32593|Green Algae|Hormotila blennista|Plantae|Chlorophyta|||Chlorophyceae|Chlorococcales|Hormotilaceae|Hormotila|blennista|||Algae|56006
32805|Green Algae|Hormotila sp.|Plantae|Chlorophyta|||Chlorophyceae|Chlorococcales|Hormotilaceae|Hormotila|sp.|||Algae|
33385|Green Algae|Coelastrum sphaericum|Plantae|Chlorophyta|||Chlorophyceae|Chlorococcales|Scenedesmaceae|Coelastrum|sphaericum|||Algae|183315
33387|Green Algae|Desmodesmus communis|Plantae|Chlorophyta|||Chlorophyceae|Chlorococcales|Scenedesmaceae|Desmodesmus|communis|||Algae|31303
33388|Green Algae|Desmodesmus intermedius|Plantae|Chlorophyta|||Chlorophyceae|Chlorococcales|Scenedesmaceae|Desmodesmus|intermedius|||Algae|1034616
33389|Green Algae|Desmodesmus opoliensis|Plantae|Chlorophyta|||Chlorophyceae|Chlorococcales|Scenedesmaceae|Desmodesmus|opoliensis|||Algae|119579
33394|Green Algae|Lagerheimia genevensis|Plantae|Chlorophyta|||Chlorophyceae|Chlorococcales|Oocystaceae|Lagerheimia|genevensis|||Algae|202679
33403|Green Algae|Scenedesmus obtusus|Plantae|Chlorophyta|||Chlorophyceae|Chlorococcales|Scenedesmaceae|Scenedesmus|obtusus|||Algae|113529
33458|Green Algae|Desmodesmus armatus|Plantae|Chlorophyta|||Chlorophyceae|Chlorococcales|Scenedesmaceae|Desmodesmus|armatus|||Algae|375941
33481|Green Algae|Oocystis polymorpha|Plantae|Chlorophyta|||Chlorophyceae|Chlorococcales|Oocystaceae|Oocystis|polymorpha|||Algae|1461600
33482|Green Algae|Chlorella anitrata|Plantae|Chlorophyta|||Chlorophyceae|Chlorococcales|Oocystaceae|Chlorella|anitrata|||Algae|
34669|Green Algae|Chromochloris zofingiensis|Plantae|Chlorophyta|||Chlorophyceae|Sphaeropleales|Bracteacoccaceae|Chromochloris|zofingiensis|||Algae|31302
34675|Green Algae|Chromochloris sp.|Plantae|Chlorophyta|||Chlorophyceae|Sphaeropleales|Bracteacoccaceae|Chromochloris|sp.|||Algae|
34777|Green Algae|Chlorella desiccata|Plantae|Chlorophyta|||Chlorophyceae|Chlorococcales|Oocystaceae|Chlorella|desiccata|||Algae|
34793|Green Algae|Dunaliella acidophila|Plantae|Chlorophyta|||Chlorophyceae|Volvocales|Dunaliellaceae|Dunaliella|acidophila|||Algae|38272
34852|Green Algae|Scenedesmus ecornis|Plantae|Chlorophyta|||Chlorophyceae|Chlorococcales|Scenedesmaceae|Scenedesmus|ecornis|||Algae|119575
34870|Green Algae|Eremosphaera viridis|Plantae|Chlorophyta|||Chlorophyceae|Chlorococcales|Oocystaceae|Eremosphaera|viridis|||Algae|163307
34871|Green Algae|Eremosphaera sp.|Plantae|Chlorophyta|||Chlorophyceae|Chlorococcales|Oocystaceae|Eremosphaera|sp.|||Algae|
34872|Green Algae|Spirogyra decimina|Plantae|Chlorophyta|||Chlorophyceae|Zygnematales|Zygnemataceae|Spirogyra|decimina|||Algae|416075
38521|Green Algae|Chlamydomonas agloeformis|Plantae|Chlorophyta|||Chlorophyceae|Volvocales|Chlamydomonadaceae|Chlamydomonas|agloeformis|||Algae|160058
38522|Green Algae|Coccomyxa subellipsoidea|Plantae|Chlorophyta|||Chlorophyceae|Chlorococcales|Coccomyxaceae|Coccomyxa|subellipsoidea|||Algae|248742
38526|Green Algae|Spongiochloris excentrica|Plantae|Chlorophyta|||Chlorophyceae|Chlorococcales|Chlorococcaceae|Spongiochloris|excentrica|||Algae|1521744
38527|Green Algae|Chlorosarcina sp.|Plantae|Chlorophyta|||Chlorophyceae|Chlorosarcinales||Chlorosarcina|sp.|||Algae|163097
38535|Green Algae|Spongiochloris sp.|Plantae|Chlorophyta|||Chlorophyceae|Chlorococcales|Chlorococcaceae|Spongiochloris|sp.|||Algae|
38537|Green Algae|Staurastrum paradoxum|Plantae|Charophyta|||Conjugatophyceae|Desmidiales|Desmidiaceae|Staurastrum|paradoxum|||Algae|292361
38568|Green Algae|Valonia utricularis|Plantae|Chlorophyta|||Chlorophyceae|Siphonocladales|Valoniaceae|Valonia|utricularis|||Algae|34142
38580|Green Algae|Valonia sp.|Plantae|Chlorophyta|||Chlorophyceae|Siphonocladales|Valoniaceae|Valonia|sp.|||Algae|34141
38626|Green Algae|Tetraselmis levis|Plantae|Chlorophyta|||Chlorodendrophyceae|Chlorodendrales|Chlorodendraceae|Tetraselmis|levis|||Algae|
39272|Green Algae|Micrasterias torreyi|Plantae|Charophyta|||Conjugatophyceae|Desmidiales|Desmidiaceae|Micrasterias|torreyi|||Algae|1028396
39938|Green Algae|Cosmarium moniliferum|Plantae|Charophyta|||Conjugatophyceae|Desmidiales|Desmidiaceae|Cosmarium|moniliferum|||Algae|664147
40528|Green Algae|Asterochloris erici|Plantae|Chlorophyta|||Trebouxiophyceae|Trebouxiales|Trebouxiaceae|Asterochloris|erici|||Algae|60131
40543|Green Algae|Asterochloris irregularis|Plantae|Chlorophyta|||Trebouxiophyceae|Trebouxiales|Trebouxiaceae|Asterochloris|irregularis|||Algae|174041
40546|Green Algae|Interfilum terricola|Plantae|Chlorophyta|||Chlorophyceae|Ulotrichales|Ulotrichaceae|Interfilum|terricola|||Algae|163310
40547|Green Algae|Stichococcus minor|Plantae|Chlorophyta|||Chlorophyceae|Prasiolales|Prasiolaceae|Stichococcus|minor|||Algae|
40548|Green Algae|Chlamydomonas boldii|Plantae|Chlorophyta|||Chlorophyceae|Volvocales|Chlamydomonadaceae|Chlamydomonas|boldii|||Algae|
40549|Green Algae|Dictyococcus varians|Plantae|Chlorophyta|||Chlorophyceae|Sphaeropleales|Dictyococcaceae|Dictyococcus|varians|||Algae|889455
40550|Green Algae|Muriella decolor|Plantae|Chlorophyta|||Trebouxiophyceae|Chlorellales|Chlorellaceae|Muriella|decolor|||Algae|1236197
40551|Green Algae|Chlamydomonas typica|Plantae|Chlorophyta|||Chlorophyceae|Volvocales|Chlamydomonadaceae|Chlamydomonas|typica|||Algae|282662
40561|Green Algae|Trebouxia sp.|Plantae|Chlorophyta|||Trebouxiophyceae|Trebouxiales|Trebouxiaceae|Trebouxia|sp.|||Algae|13786
40562|Green Algae|Asterochloris sp.|Plantae|Chlorophyta|||Trebouxiophyceae|Trebouxiales|Trebouxiaceae|Asterochloris|sp.|||Algae|291965
40601|Green Algae|Interfilum sp.|Plantae|Chlorophyta|||Chlorophyceae|Ulotrichales|Ulotrichaceae|Interfilum|sp.|||Algae|
40604|Green Algae|Muriella sp.|Plantae|Chlorophyta|||Trebouxiophyceae|Chlorellales|Chlorellaceae|Muriella|sp.|||Algae|
40607|Green Algae|Dictyococcus sp.|Plantae|Chlorophyta|||Chlorophyceae|Sphaeropleales|Dictyococcaceae|Dictyococcus|sp.|||Algae|
41350|Green Algae|Chaetophora sp.|Plantae|Chlorophyta|||Chlorophyceae|Chaetophorales|Chaetophoraceae|Chaetophora|sp.|||Algae|51319
41607|Green Algae|Micractinium conductrix|Plantae|Chlorophyta|||Chlorophyceae|Chlorococcales|Micractiniaceae|Micractinium|conductrix|||Algae|554055
41638|Green Algae|Spirogyra mirabilis|Plantae|Chlorophyta|||Chlorophyceae|Zygnematales|Zygnemataceae|Spirogyra|mirabilis|||Algae|0
41861|Green Algae|Aegagropila linnaei|Plantae|Chlorophyta|||Ulvophyceae|Cladophorales|Cladophoraceae|Aegagropila|linnaei|||Algae|162062
41909|Green Algae|Aegagropila sp.|Plantae|Chlorophyta|||Ulvophyceae|Cladophorales|Cladophoraceae|Aegagropila|sp.|||Algae|162061
42769|Green Algae|Stigeoclonium elongatum|Plantae|Chlorophyta|||Chlorophyceae|Chaetophorales|Chaetophoraceae|Stigeoclonium|elongatum|||Algae|1306601
43030|Green Algae|Closterium aciculare|Plantae|Charophyta|||Conjugatophyceae|Desmidiales|Desmidiaceae|Closterium|aciculare|||Algae|
43174|Green Algae|Ostreococcus tauri|Plantae|Chlorophyta|||Mamiellophyceae|Mamiellales|Bathycoccaceae|Ostreococcus|tauri|||Algae|70448
43177|Green Algae|Ostreococcus sp.|Plantae|Chlorophyta|||Mamiellophyceae|Mamiellales|Bathycoccaceae|Ostreococcus|sp.|||Algae|70447
43349|Green Algae|Kirchneriella irregularis|Plantae|Chlorophyta|||Chlorophyceae|Chlorococcales|Oocystaceae|Kirchneriella|irregularis|||Algae|
43997|Green Algae|Volvulina steinii|Plantae|Chlorophyta|||Chlorophyceae|Volvocales|Volvocaceae|Volvulina|steinii|||Algae|51722
43998|Green Algae|Volvulina sp.|Plantae|Chlorophyta|||Chlorophyceae|Volvocales|Volvocaceae|Volvulina|sp.|||Algae|47792
46246|Green Algae|Caulerpa scalpelliformis|Plantae|Chlorophyta|||Chlorophyceae|Caulerpales|Caulerpaceae|Caulerpa|scalpelliformis|||Algae|148951
46630|Green Algae|Desmidium swartzii|Plantae|Charophyta|||Conjugatophyceae|Desmidiales|Desmidiaceae|Desmidium|swartzii|||Algae|184503
46637|Green Algae|Desmidium sp.|Plantae|Charophyta|||Conjugatophyceae|Desmidiales|Desmidiaceae|Desmidium|sp.|||Algae|130975
46703|Green Algae|Scenedesmus spinosus|Plantae|Chlorophyta|||Chlorophyceae|Chlorococcales|Scenedesmaceae|Scenedesmus|spinosus|||Algae|
46704|Green Algae|Tetrastrum staurogeniaeforme|Plantae|Chlorophyta|||Chlorophyceae|Chlorococcales|Scenedesmaceae|Tetrastrum|staurogeniaeforme|||Algae|1207352
46709|Green Algae|Acutodesmus acuminatus|Plantae|Chlorophyta|||Chlorophyceae|Chlorococcales|Scenedesmaceae|Acutodesmus|acuminatus|||Algae|91191
46710|Green Algae|Monoraphidium circinale|Plantae|Chlorophyta|||Chlorophyceae|Chlorococcales|Oocystaceae|Monoraphidium|circinale|||Algae|270184
46711|Green Algae|Monoraphidium tortile|Plantae|Chlorophyta|||Chlorophyceae|Chlorococcales|Oocystaceae|Monoraphidium|tortile|||Algae|
46712|Green Algae|Closterium acutum|Plantae|Charophyta|||Conjugatophyceae|Desmidiales|Desmidiaceae|Closterium|acutum|||Algae|1244615
46716|Green Algae|Koliella longiseta|Plantae|Chlorophyta|||Chlorophyceae|Prasiolales|Koliellaceae|Koliella|longiseta|||Algae|33092
46754|Green Algae|Tetrastrum sp.|Plantae|Chlorophyta|||Chlorophyceae|Chlorococcales|Scenedesmaceae|Tetrastrum|sp.|||Algae|
46755|Green Algae|Acutodesmus sp.|Plantae|Chlorophyta|||Chlorophyceae|Chlorococcales|Scenedesmaceae|Acutodesmus|sp.|||Algae|1169107
47055|Green Algae|Coelastrum robustum|Plantae|Chlorophyta|||Chlorophyceae|Chlorococcales|Scenedesmaceae|Coelastrum|robustum|||Algae|
47285|Green Algae|Cephaleuros sp.|Plantae|Chlorophyta|||Chlorophyceae|Trentepohliales|Trentepohliaceae|Cephaleuros|sp.|||Algae|173369
47490|Green Algae|Dunaliella peircei|Plantae|Chlorophyta|||Chlorophyceae|Volvocales|Dunaliellaceae|Dunaliella|peircei|||Algae|147822
47492|Green Algae|Dunaliella quartolecta|Plantae|Chlorophyta|||Chlorophyceae|Volvocales|Dunaliellaceae|Dunaliella|quartolecta|||Algae|346904
47753|Green Algae|Carteria inversa|Plantae|Chlorophyta|||Chlorophyceae|Volvocales|Chlamydomonadaceae|Carteria|inversa|||Algae|69400
47754|Green Algae|Chlamydomonas fasciata|Plantae|Chlorophyta|||Chlorophyceae|Volvocales|Chlamydomonadaceae|Chlamydomonas|fasciata|||Algae|1157963
48164|Green Algae|Volvox carteri|Plantae|Chlorophyta|||Chlorophyceae|Volvocales|Volvocaceae|Volvox|carteri|||Algae|3067
48168|Green Algae|Derbesia tenuissima|Plantae|Chlorophyta|||Chlorophyceae|Bryopsidales|Derbesiaceae|Derbesia|tenuissima|||Algae|481983
48170|Green Algae|Derbesia sp.|Plantae|Chlorophyta|||Chlorophyceae|Bryopsidales|Derbesiaceae|Derbesia|sp.|||Algae|33106
48197|Green Algae|Scenedesmus bajacalifornicus|Plantae|Chlorophyta|||Chlorophyceae|Chlorococcales|Scenedesmaceae|Scenedesmus|bajacalifornicus|||Algae|
48198|Green Algae|Scenedesmus deserticola|Plantae|Chlorophyta|||Chlorophyceae|Chlorococcales|Scenedesmaceae|Scenedesmus|deserticola|||Algae|
48202|Green Algae|Mychonastes sp.|Plantae|Chlorophyta|||Chlorophyceae|Sphaeropleales|Mychonastaceae|Mychonastes|sp.|||Algae|91354
48666|Green Algae|Pseudochlorella pringsheimii|Plantae|Chlorophyta|||Chlorophyceae|Prasiolales|Koliellaceae|Pseudochlorella|pringsheimii|||Algae|3072
48690|Green Algae|Pseudochlorella sp.|Plantae|Chlorophyta|||Chlorophyceae|Prasiolales|Koliellaceae|Pseudochlorella|sp.|||Algae|63681
49475|Green Algae|Chlorella coloniales|Plantae|Chlorophyta|||Chlorophyceae|Chlorococcales|Oocystaceae|Chlorella|coloniales|||Algae|554071
49480|Green Algae|Tetradesmus obliquus|Plantae|Chlorophyta|||Chlorophyceae|Chlorococcales|Scenedesmaceae|Tetradesmus|obliquus|||Algae|3088
49561|Green Algae|Ankistrodesmus fusiformis|Plantae|Chlorophyta|||Chlorophyceae|Chlorococcales|Oocystaceae|Ankistrodesmus|fusiformis|||Algae|191687
49563|Green Algae|Spirogyra pratensis|Plantae|Chlorophyta|||Chlorophyceae|Zygnematales|Zygnemataceae|Spirogyra|pratensis|||Algae|332123
51626|Green Algae|Chloroidium saccharophilum|Plantae|Chlorophyta|||Trebouxiophyceae|||Chloroidium|saccharophilum|||Algae|3082
51627|Green Algae|Choricystis parasitica|Plantae|Chlorophyta|||Trebouxiophyceae|||Choricystis|parasitica|||Algae|41300
51645|Green Algae|Edaphochlorella mirabilis|Plantae|Chlorophyta|||Chlorophyceae|Prasiolales|Prasiolaceae|Edaphochlorella|mirabilis|||Algae|3083
51647|Green Algae|Chloroidium sp.|Plantae|Chlorophyta|||Trebouxiophyceae|||Chloroidium|sp.|||Algae|1034479
51651|Green Algae|Choricystis sp.|Plantae|Chlorophyta|||Trebouxiophyceae|||Choricystis|sp.|||Algae|41299
51755|Green Algae|Tetraselmis viridis|Plantae|Chlorophyta|||Chlorodendrophyceae|Chlorodendrales|Chlorodendraceae|Tetraselmis|viridis|||Algae|748148
52024|Green Algae|Tetradesmus dimorphus|Plantae|Chlorophyta|||Chlorophyceae|Chlorococcales|Scenedesmaceae|Tetradesmus|dimorphus|||Algae|119574
52029|Green Algae|Pseudodidymocystis planctonica|Plantae|Chlorophyta|||Chlorophyceae|Chlorococcales|Scenedesmaceae|Pseudodidymocystis|planctonica|||Algae|113526
52033|Green Algae|Lemmermannia triangularis|Plantae|Chlorophyta|||Trebouxiophyceae|||Lemmermannia|triangularis|||Algae|1207348
52097|Green Algae|Spermatozopsis exsultans|Plantae|Chlorophyta|||Chlorophyceae|Chlamydomonadales|Dunaliellaceae|Spermatozopsis|exsultans|||Algae|1108794
52159|Green Algae|Gayralia oxysperma|Plantae|Chlorophyta|||Chlorophyceae|Ulotrichales|Monostromataceae|Gayralia|oxysperma|||Algae|153904
52202|Green Algae|Chlamydomonadales|Plantae|Chlorophyta|||Chlorophyceae|Chlamydomonadales||||||Algae|3042
52204|Green Algae|Dunaliellaceae|Plantae|Chlorophyta|||Chlorophyceae|Chlamydomonadales|Dunaliellaceae|||||Algae|
52205|Green Algae|Spermatozopsis sp.|Plantae|Chlorophyta|||Chlorophyceae|Chlamydomonadales|Dunaliellaceae|Spermatozopsis|sp.|||Algae|3191
52223|Green Algae|Nitella microcarpa var. wrightii|Plantae|Charophyta|||Charophyceae|Charales|Characeae|Nitella|microcarpa|var.  wrightii||Algae|
52275|Green Algae|Tetraselmis cordiformis|Plantae|Chlorophyta|||Chlorodendrophyceae|Chlorodendrales|Chlorodendraceae|Tetraselmis|cordiformis|||Algae|426497
52376|Green Algae|Rhizoclonium riparium|Plantae|Chlorophyta|||Ulvophyceae|Cladophorales|Cladophoraceae|Rhizoclonium|riparium|||Algae|221846
52642|Green Algae|Gloeocystis gigas|Plantae|Chlorophyta|||Chlorophyceae|Chlorococcales|Coccomyxaceae|Gloeocystis|gigas|||Algae|402388
52954|Green Algae|Spirogyra communis|Plantae|Chlorophyta|||Chlorophyceae|Zygnematales|Zygnemataceae|Spirogyra|communis|||Algae|332115
54023|Green Algae|Spondylomoraceae|Plantae|Chlorophyta|||Chlorophyceae|Chlamydomonadales|Spondylomoraceae|||||Algae|3062
54024|Green Algae|Pyrobotrys sp.|Plantae|Chlorophyta|||Chlorophyceae|Chlamydomonadales|Spondylomoraceae|Pyrobotrys|sp.|||Algae|3063
56254|Green Algae|Lobosphaera incisa|Plantae|Chlorophyta|||Trebouxiophyceae|Chlorellales|Chlorellaceae|Lobosphaera|incisa|||Algae|312850
56467|Green Algae|Mychonastes homosphaera|Plantae|Chlorophyta|||Chlorophyceae|Sphaeropleales|Mychonastaceae|Mychonastes|homosphaera|||Algae|31300
57020|Green Algae|Pectinodesmus regularis|Plantae|Chlorophyta|||Chlorophyceae|Chlorococcales|Scenedesmaceae|Pectinodesmus|regularis|||Algae|113532
57237|Green Algae|Characium sp.|Plantae|Chlorophyta|||Chlorophyceae|Chlorococcales|Chlorococcaceae|Characium|sp.|||Algae|3091
57238|Green Algae|Coleochaete scutata|Plantae|Chlorophyta|||Chlorophyceae|Coleochaetales|Coleochaetaceae|Coleochaete|scutata|||Algae|3125
57240|Green Algae|Planktosphaeria gelatinosa|Plantae|Chlorophyta|||Chlorophyceae|Chlorococcales|Oocystaceae|Planktosphaeria|gelatinosa|||Algae|170393
57242|Green Algae|Scenedesmus aculeolatus|Plantae|Chlorophyta|||Chlorophyceae|Chlorococcales|Scenedesmaceae|Scenedesmus|aculeolatus|||Algae|
57258|Green Algae|Apiocystis brauniana|Plantae|Chlorophyta|||Chlorophyceae|Chlamydomonadales|Tetrasporaceae|Apiocystis|brauniana|||Algae|
57261|Green Algae|Geminella interrupta|Plantae|Chlorophyta|||Trebouxiophyceae|Chlorellales|Chlorellaceae|Geminella|interrupta|||Algae|519238
57262|Green Algae|Chlamydomonas gloeophila|Plantae|Chlorophyta|||Chlorophyceae|Volvocales|Chlamydomonadaceae|Chlamydomonas|gloeophila|||Algae|1500447
57273|Green Algae|Treubaria triappendiculata|Plantae|Chlorophyta|||Chlorophyceae|Chlorococcales|Oocystaceae|Treubaria|triappendiculata|||Algae|1755147
57365|Green Algae|Willea rectangularis|Plantae|Chlorophyta|||Chlorophyceae|Chlorococcales|Oocystaceae|Willea|rectangularis|||Algae|202677
57372|Green Algae|Tetrasporaceae|Plantae|Chlorophyta|||Chlorophyceae|Chlamydomonadales|Tetrasporaceae|||||Algae|
57373|Green Algae|Apiocystis sp.|Plantae|Chlorophyta|||Chlorophyceae|Chlamydomonadales|Tetrasporaceae|Apiocystis|sp.|||Algae|
57390|Green Algae|Vitreochlamys aulata|Plantae|Chlorophyta|||Chlorophyceae|Volvocales|Chlamydomonadaceae|Vitreochlamys|aulata|||Algae|140671
57410|Green Algae|Treubaria sp.|Plantae|Chlorophyta|||Chlorophyceae|Chlorococcales|Oocystaceae|Treubaria|sp.|||Algae|52684
57462|Green Algae|Cosmarium meneghinii|Plantae|Charophyta|||Conjugatophyceae|Desmidiales|Desmidiaceae|Cosmarium|meneghinii|||Algae|485943
57867|Green Algae|Lobosphaeropsis lobophora|Plantae|Chlorophyta|||Chlorophyceae|Chlamydomonadales||Lobosphaeropsis|lobophora|||Algae|3080
58345|Green Algae|Caulerpa simpliciuscula|Plantae|Chlorophyta|||Chlorophyceae|Caulerpales|Caulerpaceae|Caulerpa|simpliciuscula|||Algae|1004386
58369|Green Algae|Scenedesmus quadricauda var. quadricauda|Plantae|Chlorophyta|||Chlorophyceae|Chlorococcales|Scenedesmaceae|Scenedesmus|quadricauda|var.  quadricauda||Algae|
58468|Green Algae|Selenastraceae|Plantae|Chlorophyta|||Chlorophyceae|Sphaeropleales|Selenastraceae|||||Algae|
58471|Green Algae|Raphidocelis subcapitata|Plantae|Chlorophyta|||Chlorophyceae|Sphaeropleales|Selenastraceae|Raphidocelis|subcapitata|||Algae|
58477|Green Algae|Selenastrum capricornutum|Plantae|Chlorophyta|||Chlorophyceae|Sphaeropleales|Selenastraceae|Selenastrum|capricornutum|||Algae|118073
58654|Green Algae|Ulva australis|Plantae|Chlorophyta|||Chlorophyceae|Ulotrichales|Ulvaceae|Ulva|australis|||Algae|111616
59088|Green Algae|Cladophora fracta|Plantae|Chlorophyta|||Ulvophyceae|Cladophorales|Cladophoraceae|Cladophora|fracta|||Algae|1889081
59285|Green Algae|Monoraphidium convolutum|Plantae|Chlorophyta|||Chlorophyceae|Chlorococcales|Oocystaceae|Monoraphidium|convolutum|||Algae|307513
61363|Green Algae|Apatococcus lobatus|Plantae|Chlorophyta|||Trebouxiophyceae|Chlorellales|Chlorellaceae|Apatococcus|lobatus|||Algae|904363
61487|Green Algae|Apatococcus sp.|Plantae|Chlorophyta|||Trebouxiophyceae|Chlorellales|Chlorellaceae|Apatococcus|sp.|||Algae|904362
